{"luminosityThreshold":0.5909090909090909,"luminositySmoothWidth":0.6360112755461592,"linearWhite":1.6243833685694151,"shoulderStrength":0.49682875264270615,"linearStrength":1.737138830162086,"linearAngle":0.07681465821000705,"toeStrength":0.049682875264270614,"toeNumerator":0.049682875264270614,"toeDenominator":1.0239605355884425,"exposure":0.07681465821000705,"toneColorR":-0.08667930380837496,"toneColorG":-0.3513699810442874,"toneColorB":-0.5278304325348957,"toneGray":0,"bloomStrength":0.33157152924594785,"bloomRadius":0.9047044632086853,"vignetteSize":0.5,"vignetteAmount":1.3682577976908494}