{"luminosityThreshold":0.7938689217758985,"luminositySmoothWidth":0.12861169837914024,"linearWhite":1.6243833685694151,"shoulderStrength":0.7223396758280478,"linearStrength":1.737138830162086,"linearAngle":0,"toeStrength":0.5119802677942212,"toeNumerator":0.1849894291754757,"toeDenominator":0.9788583509513742,"exposure":0.9788583509513742,"toneColorR":0.26624159917284174,"toneColorG":-0.06462174737204895,"toneColorB":-0.1307944166810271,"toneGray":0.36843012235050837,"bloomStrength":0.5345313601127555,"bloomRadius":0.5866807610993657,"vignetteSize":0.5,"vignetteAmount":0.75}