{"luminosityThreshold":0.9,"luminositySmoothWidth":0.01,"linearWhite":0.37566775805617786,"shoulderStrength":0.15509219369291746,"linearStrength":0.8168188867826986,"linearAngle":0.3839393417198001,"toeStrength":0.31328623125969324,"toeNumerator":0.9529553679131484,"toeDenominator":0.5824573496467345,"exposure":0.5,"toneColorR":-0.2851973117353094,"toneColorG":-0.08667930380837496,"toneColorB":-0.3072548681716354,"toneGray":0.21402722729622609,"bloomStrength":0.3,"bloomRadius":0.5,"vignetteSize":0.5,"vignetteAmount":0.75}