{"luminosityThreshold":0.8051444679351656,"luminositySmoothWidth":0.20754052149400987,"linearWhite":1.8094089264173705,"shoulderStrength":1.9196967085990004,"linearStrength":2.2505600551438913,"linearAngle":0.09936575052854123,"toeStrength":0.01,"toeNumerator":0.158883336205411,"toeDenominator":1.0897811476822332,"exposure":0.8661028893587033,"toneColorR":-0.3734275374806135,"toneColorG":-0.2851973117353094,"toneColorB":0.023608478373255304,"toneGray":0.43305144467935164,"bloomStrength":0.13988724453840734,"bloomRadius":0.4635533344821644,"vignetteSize":0,"vignetteAmount":1.6991211442357401}