{"luminosityThreshold":0.9,"luminositySmoothWidth":0.01,"linearWhite":0.37566775805617786,"shoulderStrength":0,"linearStrength":3.7945890056867135,"linearAngle":0.2736515595381699,"toeStrength":0.4897466827503016,"toeNumerator":0.9529553679131484,"toeDenominator":0.5603997932104084,"exposure":0.5,"toneColorR":-0.2851973117353094,"toneColorG":-0.08667930380837496,"toneColorB":-0.3072548681716354,"toneGray":0.21402722729622609,"bloomStrength":0.3,"bloomRadius":0.5,"vignetteSize":0.5,"vignetteAmount":0.75}