{"luminosityThreshold":0.8757539203860072,"luminositySmoothWidth":0.01,"linearWhite":0.7065311046010685,"shoulderStrength":0.15509219369291746,"linearStrength":1.9196967085990004,"linearAngle":0.07513355161123557,"toeStrength":0.01,"toeNumerator":0.10606060606060606,"toeDenominator":1.2720225510923184,"exposure":0.7533474277660324,"toneColorR":0.33967582804792107,"toneColorG":-0.2917547568710359,"toneColorB":-0.4496124031007752,"toneGray":0,"bloomStrength":0.3,"bloomRadius":0.5,"vignetteSize":0.5,"vignetteAmount":0.75}